<?xml version='1.0' encoding='UTF-8' ?>
<timeLogEntries>
  <time path="/new&#10;/TI3" flag="R" />
  <time id="12" path="/TI3/PSP0/Planning" start="@1638319095404" delta="17" flag="A" />
  <time id="13" path="/TI3/PSP0/Code" start="@1638320099724" delta="298" comment="Creating classes" flag="A" />
  <time id="14" path="/TI3/PSP0/Test" start="@1638337968594" delta="3" comment="" flag="A" />
  <time id="15" path="/TI3/PSP0/Code" start="@1638363771769" delta="184" comment="Implementation" flag="A" />
  <time id="16" path="/TI3/PSP0/Test" start="@1638374820847" delta="74" comment="Implementations of unit cases" flag="A" />
  <time id="17" path="/TI3/PSP0/Test" start="@1638379258567" delta="43" comment="Classes of implementation of test" flag="A" />
  <time id="18" path="/TI3/PSP0/Design" start="@1638381843113" delta="316" comment="Design of class diagram and other documentation" flag="A" />
</timeLogEntries>
