<?xml version='1.0' encoding='UTF-8' ?>
<timeLogEntries>
  <time path="/new&#10;/Flora" flag="R" />
  <time path="/Flora/new&#10;/Flora/PSP0" flag="R" />
  <time id="1" path="/Flora/PSP01/Planning" start="@1637709549000" delta="1530" comment="Planned." flag="A" />
  <time id="2" path="/Flora/PSP01/Planning" start="@1637536782000" delta="2000" comment="Read statement." flag="A" />
  <time id="3" path="/Flora/PSP01/Planning" start="@1637968796000" delta="800" comment="Method" flag="A" />
  <time id="4" path="/Flora/PSP01/Design" start="@1637796050000" delta="1235" comment="Test" flag="A" />
  <time id="5" path="/Flora/PSP01/Design" start="@1637882461000" delta="1800" comment="Diagrams" flag="A" />
  <time id="6" path="/Flora/PSP01/Code" start="@1638314479000" delta="3503" comment="User Interface" flag="A" />
  <time id="7" path="/Flora/PSP01/Code" start="@1638400934000" delta="972" comment="Fixed Issues." flag="A" />
</timeLogEntries>
